City_ID,City,Country,Lat,Lng,Max Temp,Humidity,Cloudiness,Wind Speed,Description
0,Albany,US,42.6001,-73.9662,37.47,91,100,3.0,snow
1,Tasiilaq,GL,65.6145,-37.6368,12.36,58,83,5.75,broken clouds
2,Ostrovnoy,RU,68.0531,39.5131,8.62,96,100,5.21,overcast clouds
3,Narrabri,AU,-30.3167,149.7833,80.53,38,37,19.57,scattered clouds
4,Saskylakh,RU,71.9167,114.0833,-14.08,98,100,2.1,overcast clouds
5,Coahuayana,MX,18.7333,-103.6833,67.19,78,26,4.05,scattered clouds
6,Saint-Philippe,RE,-21.3585,55.7679,80.15,92,100,32.3,moderate rain
7,Vostok,RU,46.4856,135.8833,2.3,84,99,6.04,overcast clouds
8,Cape Town,ZA,-33.9258,18.4232,61.88,72,0,3.0,clear sky
9,Saint George,US,37.1041,-113.5841,40.24,32,0,3.0,clear sky
10,Hamburg,DE,53.55,10.0,44.46,94,75,11.5,broken clouds
11,Nsanje,MW,-16.92,35.262,72.55,87,76,0.56,broken clouds
12,Lompoc,US,34.6391,-120.4579,53.92,80,0,0.0,clear sky
13,Dikson,RU,73.5069,80.5464,-8.03,95,100,4.81,overcast clouds
14,Port Blair,IN,11.6667,92.75,80.64,74,20,9.22,mist
15,Bulgan,MN,48.8125,103.5347,8.42,69,97,1.59,overcast clouds
16,Narsaq,GL,60.9167,-46.05,25.02,96,100,9.31,snow
17,Palu,ID,-0.8917,119.8707,88.5,57,100,4.43,overcast clouds
18,Nome,US,64.5011,-165.4064,6.87,51,0,29.93,clear sky
19,Mukhen,RU,48.1,136.1,5.31,81,99,5.17,overcast clouds
20,Svetlyy,RU,54.675,20.1347,33.85,98,100,10.38,overcast clouds
21,Wanaka,NZ,-44.7,169.15,53.11,93,100,1.99,moderate rain
22,Abu Samrah,SY,35.3029,37.1841,42.76,94,99,2.53,overcast clouds
23,Hermanus,ZA,-34.4187,19.2345,60.91,72,93,9.89,overcast clouds
24,Bodden Town,KY,19.2833,-81.25,77.0,85,20,4.0,few clouds
25,Rikitea,PF,-23.1203,-134.9692,78.22,74,100,17.02,light rain
26,Miri,MY,4.4148,114.0089,86.14,79,40,9.22,scattered clouds
27,Laguna,US,38.421,-121.4238,52.32,71,0,0.0,clear sky
28,Punta Arenas,CL,-53.15,-70.9167,42.91,61,75,10.36,broken clouds
29,Cherskiy,RU,68.75,161.3,-30.35,99,13,2.53,few clouds
30,Gladstone,AU,-23.85,151.25,84.13,58,100,12.66,overcast clouds
31,Kisangani,CD,0.5167,25.2,67.89,96,100,2.37,overcast clouds
32,Huangpu,CN,25.4433,113.1747,43.3,81,95,5.19,overcast clouds
33,Jamestown,US,42.097,-79.2353,22.08,69,100,5.01,snow
34,Yellowknife,CA,62.456,-114.3525,-28.44,75,0,5.75,clear sky
35,Grindavik,IS,63.8424,-22.4338,28.35,74,40,23.02,scattered clouds
36,Butaritari,KI,3.0707,172.7902,81.79,77,17,15.19,light rain
37,Oranjemund,NA,-28.55,16.4333,63.23,82,3,19.75,clear sky
38,Shimoda,JP,34.6667,138.95,46.76,62,100,2.77,overcast clouds
39,Port Elizabeth,ZA,-33.918,25.5701,66.49,77,0,12.66,clear sky
40,Dunedin,NZ,-45.8742,170.5036,50.72,96,100,5.5,light rain
41,Nueva Concepcion,GT,14.2,-91.3,79.47,79,20,2.17,few clouds
42,Tuatapere,NZ,-46.1333,167.6833,52.83,91,100,4.23,overcast clouds
43,Esso,RU,55.9333,158.7,16.52,92,100,0.49,overcast clouds
44,East London,ZA,-33.0153,27.9116,67.14,82,0,10.36,clear sky
45,Cidreira,BR,-30.1811,-50.2056,75.52,90,88,20.33,overcast clouds
46,Trelew,AR,-43.249,-65.3051,72.64,48,100,6.69,overcast clouds
47,Torbay,CA,47.6666,-52.7314,38.75,90,100,24.16,overcast clouds
48,Vaini,TO,-21.2,-175.2,86.16,79,75,10.36,broken clouds
49,Ushuaia,AR,-54.8,-68.3,42.46,70,75,18.41,broken clouds
50,Ocho Rios,JM,18.4025,-77.1048,78.55,83,21,10.16,few clouds
51,Airai,TL,-8.9266,125.4092,73.83,61,78,5.08,broken clouds
52,Belyy Yar,RU,53.6039,91.3903,-14.91,76,40,2.24,fog
53,Barrow,US,71.2906,-156.7887,-25.58,91,100,0.0,mist
54,Oksfjord,NO,70.2396,22.3479,16.72,93,73,18.43,broken clouds
55,Mataura,NZ,-46.1927,168.8643,52.48,99,100,2.26,light rain
56,Olafsvik,IS,64.8945,-23.7142,27.55,74,93,25.86,overcast clouds
57,Rio Claro,BR,-22.4114,-47.5614,73.4,95,99,2.75,overcast clouds
58,Avarua,CK,-21.2078,-159.775,82.45,78,20,19.57,few clouds
59,Doume,CM,4.2333,13.45,63.43,57,77,2.91,broken clouds
60,Poceirao,PT,38.831,-8.7937,56.28,89,97,3.24,overcast clouds
61,Busselton,AU,-33.65,115.3333,101.05,33,49,14.79,scattered clouds
62,Aykhal,RU,66.0,111.5,-17.7,100,100,2.59,overcast clouds
63,Svetlogorsk,BY,52.6333,29.7333,3.43,100,80,4.38,broken clouds
64,Sokolow Podlaski,PL,52.4068,22.2531,34.09,98,100,8.86,light snow
65,Kahului,US,20.8947,-156.47,79.86,64,0,17.27,clear sky
66,Esperance,AU,-33.8667,121.9,85.84,47,4,11.77,clear sky
67,Makakilo City,US,21.3469,-158.0858,79.12,47,0,9.22,clear sky
68,Thompson,CA,55.7435,-97.8558,-20.04,69,0,5.75,clear sky
69,Qaanaaq,GL,77.484,-69.3632,-12.75,55,99,8.59,overcast clouds
70,New Norfolk,AU,-42.7826,147.0587,74.66,35,3,3.0,clear sky
71,Mogadishu,SO,2.0371,45.3438,75.07,88,20,10.36,few clouds
72,Kapaa,US,22.0752,-159.319,75.52,66,0,1.01,clear sky
73,Cabo San Lucas,MX,22.8909,-109.9124,67.51,56,34,5.64,scattered clouds
74,Todos Santos,MX,23.45,-110.2167,67.01,61,13,11.95,few clouds
75,Lavrentiya,RU,65.5833,-171.0,1.96,55,0,22.73,clear sky
76,Bluff,NZ,-46.6,168.3333,52.81,84,100,5.46,light rain
77,Khatanga,RU,71.9667,102.5,-31.99,100,90,4.36,overcast clouds
78,Regen,DE,48.9667,13.1333,39.9,94,98,3.94,overcast clouds
79,Maneadero,MX,31.7167,-116.5667,55.18,35,0,5.93,clear sky
80,Sitka,US,57.0531,-135.33,46.29,81,100,24.16,moderate rain
81,Katsuura,JP,35.1333,140.3,46.42,74,100,9.95,overcast clouds
82,Bonthe,SL,7.5264,-12.505,74.5,91,1,4.99,clear sky
83,Margate,GB,51.3813,1.3862,49.96,86,98,22.17,overcast clouds
84,Upernavik,GL,72.7868,-56.1549,4.84,68,100,5.66,overcast clouds
85,Atuona,PF,-9.8,-139.0333,78.96,71,3,17.87,clear sky
86,Pierre,US,44.3683,-100.351,15.28,52,0,5.75,clear sky
87,Clyde River,CA,70.4692,-68.5914,-7.37,84,100,34.52,heavy snow
88,Ponta Do Sol,PT,32.6667,-17.1,67.01,66,19,3.53,few clouds
89,Werda,BW,-25.2667,23.2833,68.02,80,100,6.64,overcast clouds
90,Adrar,MR,20.5022,-10.0711,59.36,22,0,9.95,clear sky
91,Antofagasta,CL,-23.65,-70.4,65.48,78,5,3.13,clear sky
92,Lorengau,PG,-2.0226,147.2712,84.43,62,100,9.15,overcast clouds
93,Along,IN,28.1667,94.7667,64.6,48,29,1.05,scattered clouds
94,Port Alfred,ZA,-33.5906,26.891,69.84,75,98,15.48,overcast clouds
95,Padang,ID,-0.9492,100.3543,84.25,72,84,3.91,broken clouds
96,Moba,CN,33.2288,105.0179,29.84,55,95,4.36,overcast clouds
97,Walvis Bay,NA,-22.9575,14.5053,66.09,80,16,8.68,few clouds
98,Kawalu,ID,-7.3817,108.2082,88.75,52,30,2.57,scattered clouds
99,Metro,ID,-5.1131,105.3067,84.2,71,92,8.81,overcast clouds
100,Igarka,RU,67.4667,86.5833,0.3,96,100,11.61,overcast clouds
101,Chokurdakh,RU,70.6333,147.9167,-27.42,100,61,0.31,broken clouds
102,Tuktoyaktuk,CA,69.4541,-133.0374,-23.8,76,75,8.05,light snow
103,Hilo,US,19.7297,-155.09,74.93,81,100,9.22,overcast clouds
104,Pangnirtung,CA,66.1451,-65.7125,-14.55,99,100,2.95,overcast clouds
105,Puerto Ayora,EC,-0.7393,-90.3518,75.54,93,7,4.0,clear sky
106,Pevek,RU,69.7008,170.3133,-20.11,100,26,2.93,scattered clouds
107,Aurora,US,39.7294,-104.8319,17.78,75,0,3.0,clear sky
108,Klaksvik,FO,62.2266,-6.589,36.52,77,97,50.06,overcast clouds
109,Lebu,CL,-37.6167,-73.65,59.38,93,11,13.18,few clouds
110,Ancud,CL,-41.8697,-73.8203,60.22,96,32,3.83,scattered clouds
111,Nioro,GM,13.35,-15.75,73.15,22,0,3.94,clear sky
112,Hambantota,LK,6.1241,81.1185,80.94,89,20,2.3,few clouds
113,Comodoro Rivadavia,AR,-45.8667,-67.5,60.66,94,40,2.3,scattered clouds
114,Bathsheba,BB,13.2167,-59.5167,75.81,73,20,11.5,few clouds
115,Hobart,AU,-42.8794,147.3294,75.02,47,20,1.99,few clouds
116,Manggar,ID,-2.8833,108.2667,85.41,64,47,5.77,scattered clouds
117,Hauterive,FR,46.0901,3.4459,41.02,85,74,3.83,broken clouds
118,Isangel,VU,-19.55,169.2667,86.11,84,100,6.91,moderate rain
119,Deputatskiy,RU,69.3,139.9,-23.82,98,49,1.5,scattered clouds
120,Henties Bay,NA,-22.116,14.2845,65.86,88,5,6.96,clear sky
121,Kodiak,US,57.79,-152.4072,38.71,81,100,17.27,haze
122,Xichang,CN,27.8964,102.2634,44.71,85,95,3.18,overcast clouds
123,Severo-Kurilsk,RU,50.6789,156.125,30.94,88,100,10.27,light snow
124,Marovoay,MG,-16.1,46.6333,78.94,90,100,6.31,overcast clouds
125,Nacala,MZ,-14.5428,40.6728,76.8,90,96,3.71,overcast clouds
126,Eltham,NZ,-39.4292,174.3,76.69,45,43,11.1,scattered clouds
127,Kandrian,PG,-6.2167,149.55,89.11,58,75,18.28,broken clouds
128,Maralal,KE,1.0968,36.698,58.82,68,100,5.46,overcast clouds
129,Luderitz,NA,-26.6481,15.1594,68.18,70,2,15.05,clear sky
130,Alta Floresta,BR,-9.8756,-56.0861,71.06,96,53,0.76,broken clouds
131,Havoysund,NO,70.9963,24.6622,16.68,74,49,23.2,scattered clouds
132,Kurumkan,RU,54.3,110.3,-5.03,97,100,1.32,overcast clouds
133,Columbus,US,39.9612,-82.9988,25.14,90,100,1.01,mist
134,Arraial Do Cabo,BR,-22.9661,-42.0278,75.45,91,100,7.83,overcast clouds
135,Samagaltay,RU,50.6022,95.0047,-6.47,88,47,2.68,scattered clouds
136,Churapcha,RU,62.0025,132.4325,-15.65,90,100,4.59,overcast clouds
137,Provideniya,RU,64.3833,-173.3,1.99,59,6,22.08,clear sky
138,Bowen,AU,-20.0167,148.2333,82.62,77,100,1.86,overcast clouds
139,Northam,GB,51.0333,-4.2167,51.03,95,100,24.45,light rain
140,Bogovarovo,RU,58.9785,47.0246,16.99,93,100,2.19,overcast clouds
141,Port Hardy,CA,50.6996,-127.4199,46.76,93,75,13.8,broken clouds
142,Kiunga,PG,-6.1219,141.2906,95.13,42,37,4.18,scattered clouds
143,Broome,US,42.2506,-75.833,33.01,84,100,3.0,freezing rain
144,Kharp,RU,66.8014,65.8081,-1.21,99,100,1.66,overcast clouds
145,Puerto Leguizamo,CO,-0.1934,-74.7819,73.13,96,95,2.66,overcast clouds
146,Carnarvon,AU,-24.8667,113.6333,96.87,36,32,9.22,scattered clouds
147,Chernyshevskiy,RU,63.0128,112.4714,-6.38,95,93,1.19,overcast clouds
148,Fukuma,JP,33.7667,130.4667,47.28,46,45,11.81,scattered clouds
149,Ilulissat,GL,69.2167,-51.1,23.02,50,100,11.5,overcast clouds
150,Oxapampa,PE,-10.5775,-75.4017,59.45,98,100,0.89,overcast clouds
151,Fairbanks,US,64.8378,-147.7164,0.48,54,0,8.05,clear sky
152,Beringovskiy,RU,63.05,179.3167,-0.42,79,100,18.1,overcast clouds
153,Rajapalaiyam,IN,9.45,77.5667,80.06,61,7,2.55,clear sky
154,Soweto,ZA,-26.2678,27.8585,65.77,89,10,5.03,clear sky
155,Ixtapa,MX,20.7,-105.2,64.26,81,59,2.21,broken clouds
156,Yaan,NG,7.3833,8.5667,75.31,14,7,9.24,clear sky
157,Montagnana,IT,45.2287,11.4635,44.74,87,71,4.74,broken clouds
158,Constitucion,CL,-35.3333,-72.4167,58.3,93,55,5.82,broken clouds
159,Svay Rieng,KH,11.0879,105.7993,87.19,52,63,9.19,broken clouds
160,Coquimbo,CL,-29.9533,-71.3436,64.13,82,20,3.44,few clouds
161,Port Macquarie,AU,-31.4333,152.9167,75.88,60,55,18.61,broken clouds
162,Truth Or Consequences,US,33.1284,-107.2528,26.91,63,0,5.75,clear sky
163,Kruisfontein,ZA,-34.0033,24.7314,63.88,75,79,9.17,broken clouds
164,Viransehir,TR,37.2353,39.7631,39.78,86,87,8.43,overcast clouds
165,Mattru,SL,7.6244,-11.8332,70.25,97,2,1.68,clear sky
166,Ahuimanu,US,21.4447,-157.8378,80.31,63,20,1.99,few clouds
167,Raudeberg,NO,61.9875,5.1352,38.07,94,100,8.01,overcast clouds
168,Lukovetskiy,RU,64.2956,41.9211,-2.22,100,91,1.12,overcast clouds
169,Pisco,PE,-13.7,-76.2167,69.85,73,0,9.22,clear sky
170,Vila Franca Do Campo,PT,37.7167,-25.4333,60.19,81,100,11.54,overcast clouds
171,Georgetown,MY,5.4112,100.3354,89.53,74,20,3.0,few clouds
172,Vacaria,BR,-28.5122,-50.9339,64.98,90,67,12.35,broken clouds
173,Itarema,BR,-2.9248,-39.9167,77.58,87,79,10.07,broken clouds
174,Iqaluit,CA,63.7506,-68.5145,-7.87,59,75,6.91,light snow
175,Sur,OM,22.5667,59.5289,70.2,43,0,2.93,clear sky
176,Rocha,UY,-34.4833,-54.3333,70.23,97,100,7.58,light rain
177,Araouane,ML,18.9048,-3.5265,61.72,13,0,10.92,clear sky
178,Vista Hermosa,MX,19.5167,-99.2167,63.55,47,40,3.87,scattered clouds
179,Mirnyy,RU,62.5353,113.9611,-3.06,96,89,1.5,overcast clouds
180,Ouadda,CF,8.0777,22.4007,66.31,25,54,5.73,broken clouds
181,Benguela,AO,-12.5763,13.4055,73.83,76,98,2.57,overcast clouds
182,Kargasok,RU,59.0556,80.8572,16.02,86,100,14.07,overcast clouds
183,Taoudenni,ML,22.6783,-3.9836,60.64,21,27,8.97,scattered clouds
184,Yar-Sale,RU,66.8333,70.8333,-2.09,98,98,4.79,overcast clouds
185,Waingapu,ID,-9.6567,120.2641,87.78,64,53,14.0,broken clouds
186,Chadiza,ZM,-14.0678,32.4392,64.8,94,100,2.1,overcast clouds
187,Sarangani,PH,5.4033,125.4636,79.56,83,98,21.72,moderate rain
188,Srivardhan,IN,18.0333,73.0167,76.5,56,72,6.13,broken clouds
189,Castro,BR,-24.7911,-50.0119,64.17,98,100,4.05,overcast clouds
190,Barcelos,PT,41.5388,-8.6151,51.94,76,100,0.18,overcast clouds
191,Castlegar,CA,49.2998,-117.6689,25.48,98,94,1.97,overcast clouds
192,Masindi,UG,1.6744,31.715,68.9,43,97,3.2,overcast clouds
193,Polson,US,47.6936,-114.1632,20.77,76,100,1.74,overcast clouds
194,Okahandja,NA,-21.9833,16.9167,69.84,42,98,8.39,overcast clouds
195,Bengkulu,ID,-3.8004,102.2655,80.4,76,97,2.73,overcast clouds
196,Weatherford,US,32.7593,-97.7972,18.32,85,89,16.13,overcast clouds
197,Blankenberge,BE,51.3131,3.1323,47.01,85,100,3.0,overcast clouds
198,Talnakh,RU,69.4865,88.3972,-13.67,99,78,7.09,broken clouds
199,Bafq,IR,31.6128,55.4107,52.27,20,0,7.85,clear sky
200,Los Algarrobos,PA,8.5,-82.4333,77.41,89,40,0.0,scattered clouds
201,Nishihara,JP,26.1842,127.7558,63.68,92,100,10.36,drizzle
202,Longyearbyen,SJ,78.2186,15.6401,15.64,73,75,6.91,broken clouds
203,Evensk,RU,61.95,159.2333,15.57,46,31,23.58,scattered clouds
204,Egvekinot,RU,66.3167,-179.1667,-7.29,73,1,17.96,clear sky
205,Gamba,GA,-2.65,10.0,73.81,89,100,3.09,overcast clouds
206,San Carlos De Bariloche,AR,-41.1456,-71.3082,58.75,55,40,4.61,scattered clouds
207,Pedernales,DO,18.0384,-71.744,75.79,72,10,3.96,clear sky
208,Norman Wells,CA,65.282,-126.8329,-43.56,66,0,0.0,clear sky
209,Vanderhoof,CA,54.0166,-124.0198,23.83,99,100,1.79,overcast clouds
210,Nouadhibou,MR,20.931,-17.0347,69.78,37,21,9.22,dust
211,Yelizovo,RU,53.1873,158.3805,32.14,47,75,13.42,broken clouds
212,Port Hedland,AU,-20.3167,118.5667,96.85,38,83,17.27,broken clouds
213,Talaya,RU,61.3833,152.75,-14.44,95,47,5.73,scattered clouds
214,Ribeira Grande,PT,38.5167,-28.7,58.44,75,100,18.05,overcast clouds
215,Moerai,PF,-22.4333,-151.3333,79.47,78,99,17.31,overcast clouds
216,Lagoa,PT,39.05,-27.9833,57.67,76,100,11.3,overcast clouds
217,Boa Vista,BR,2.8197,-60.6733,82.38,61,0,11.5,clear sky
218,Plettenberg Bay,ZA,-34.0527,23.3716,63.07,82,100,4.72,light rain
219,Komsomolskiy,UZ,40.4272,71.7189,36.82,80,2,2.3,clear sky
220,Charleston,US,32.7766,-79.9309,69.03,88,40,3.0,scattered clouds
221,Qaqortoq,GL,60.7167,-46.0333,25.3,95,100,13.44,snow
222,Port Lincoln,AU,-34.7333,135.8667,68.34,55,37,14.23,scattered clouds
223,Carmen,MX,18.6333,-91.8333,77.38,84,2,4.47,clear sky
224,Tiksi,RU,71.6872,128.8694,-11.81,100,100,6.02,overcast clouds
225,Iwanai,JP,42.9744,140.5089,24.82,89,100,15.12,snow
226,Necochea,AR,-38.5473,-58.7368,65.03,95,78,7.16,broken clouds
227,San Quintin,MX,30.4833,-115.95,56.08,66,0,3.98,clear sky
228,Mecca,SA,21.4267,39.8261,70.12,88,44,5.14,scattered clouds
229,Mufumbwe,ZM,-13.6833,24.8,63.75,98,100,5.14,light rain
230,Isheyevka,RU,54.4167,48.2667,29.71,99,100,6.38,snow
231,Brae,GB,60.3964,-1.353,37.31,71,83,35.84,broken clouds
232,Bethel,US,41.3712,-73.414,49.66,93,100,6.91,light rain
233,Clarksville,US,36.5298,-87.3595,32.68,90,100,1.01,overcast clouds
234,Bestobe,KZ,52.4994,73.0975,8.65,80,38,11.43,scattered clouds
235,Pitimbu,BR,-7.4706,-34.8086,79.39,75,97,12.39,overcast clouds
236,Kaitangata,NZ,-46.2817,169.8464,49.35,95,100,2.98,light rain
237,Atambua,ID,-9.1061,124.8925,80.29,75,61,7.47,broken clouds
238,Elmira,US,42.0898,-76.8077,29.01,92,100,5.75,mist
239,Cayenne,GF,4.9333,-52.3333,79.09,90,75,1.01,broken clouds
240,Ler,SS,8.3018,30.1418,74.95,26,42,3.91,scattered clouds
241,Kaniama,CD,-7.5667,24.1833,63.63,98,99,1.97,overcast clouds
242,Grand Gaube,MU,-20.0064,57.6608,81.37,83,100,10.0,overcast clouds
243,Tinskoy,RU,56.1525,96.9161,11.46,82,100,6.51,overcast clouds
244,Farafangana,MG,-22.8167,47.8333,76.98,88,99,12.8,light rain
245,La Rioja,ES,42.25,-2.5,41.31,53,93,4.65,overcast clouds
246,Gat,IL,31.61,34.7642,52.39,1,9,13.67,clear sky
247,Lugovskoy,RU,56.9585,64.529,28.62,97,100,8.72,light snow
248,Faya,SA,18.3851,42.4509,51.91,52,5,3.06,clear sky
249,Chumikan,RU,54.7183,135.315,3.04,75,100,15.5,overcast clouds
250,Sidareja,ID,-7.4846,108.7923,91.78,53,52,1.54,broken clouds
251,Nikolskoye,RU,59.7035,30.7861,-0.09,100,100,2.84,overcast clouds
252,Riyadh,SA,24.6877,46.7219,57.34,36,25,4.92,scattered clouds
253,Hithadhoo,MV,-0.6,73.0833,81.73,74,100,10.11,overcast clouds
254,Kiri Buru,IN,22.0833,85.35,66.33,83,99,6.24,overcast clouds
255,Port Augusta,AU,-32.5,137.7667,85.71,27,0,11.54,clear sky
256,Maningrida,AU,-12.0667,134.2667,87.46,60,100,12.95,overcast clouds
257,Rio Gallegos,AR,-51.6226,-69.2181,46.45,61,75,10.36,broken clouds
258,San Patricio,US,28.017,-97.5169,35.83,75,74,16.15,broken clouds
259,Kalabo,ZM,-14.97,22.6814,65.88,97,100,3.94,light rain
260,Tabou,CI,4.423,-7.3528,77.47,85,13,2.1,light rain
261,Tsalenjikha,GE,42.6044,42.0682,34.02,70,100,3.02,overcast clouds
262,Palmer,US,42.1584,-72.3287,47.46,88,100,5.75,light rain
263,Dukat,RU,62.55,155.55,-9.0,72,12,9.08,few clouds
264,Quang Ngai,VN,15.1167,108.8,73.26,80,93,9.62,overcast clouds
265,Geraldton,AU,-28.7667,114.6,106.21,10,0,8.05,clear sky
266,Acapulco,MX,16.8634,-99.8901,78.62,73,0,6.91,clear sky
267,Te Anau,NZ,-45.4167,167.7167,48.38,97,100,3.69,moderate rain
268,Marang,MY,5.2056,103.2059,82.31,79,100,7.99,overcast clouds
269,Esqueda,MX,30.7167,-109.5833,38.75,19,0,7.58,clear sky
270,Bandarbeyla,SO,9.4942,50.8122,73.51,68,4,13.02,clear sky
271,Dehloran,IR,32.6941,47.2679,60.35,39,88,11.56,overcast clouds
272,Troitsko-Pechorsk,RU,62.7084,56.1964,12.43,96,100,5.03,overcast clouds
273,Kaeo,NZ,-35.1,173.7833,78.33,81,96,9.4,overcast clouds
274,Colares,PT,38.7992,-9.4469,56.34,76,100,1.01,overcast clouds
275,Mangrol,IN,21.1167,70.1167,67.32,37,9,3.49,clear sky
276,Puerto Del Rosario,ES,28.5004,-13.8627,67.68,59,99,4.61,overcast clouds
277,Vakhrushevo,RU,55.2317,61.7173,25.18,68,40,11.18,scattered clouds
278,Bay Roberts,CA,47.5999,-53.2648,39.51,89,100,8.01,overcast clouds
279,Balakhta,RU,55.38,91.6,-0.83,95,99,1.72,overcast clouds
280,Faanui,PF,-16.4833,-151.75,81.32,71,2,15.26,clear sky
281,Mumford,GH,5.2618,-0.759,78.44,84,13,3.78,light rain
282,Bredasdorp,ZA,-34.5322,20.0403,58.32,77,100,3.44,overcast clouds
283,Markova,UA,48.6758,24.4138,22.46,88,100,7.07,overcast clouds
284,Saint-Georges,GD,12.0564,-61.7485,76.68,83,20,5.75,few clouds
285,Sao Filipe,CV,14.8961,-24.4956,72.36,76,0,7.74,clear sky
286,Banjar,ID,-8.19,114.9675,80.46,61,87,5.32,overcast clouds
287,Thurso,GB,58.5927,-3.5259,35.55,66,65,28.3,light snow
288,Alice Springs,AU,-23.7,133.8833,78.35,36,98,14.97,overcast clouds
289,Victoria,HK,22.2855,114.1577,62.26,73,63,1.99,broken clouds
290,Apache Junction,US,33.4151,-111.5496,49.08,24,0,1.01,clear sky
291,Pyshma,RU,56.9523,63.2513,28.89,96,100,10.04,light snow
292,Mackay,AU,-21.15,149.2,81.68,78,75,14.97,broken clouds
293,Bathurst,AU,-33.4166,149.5806,71.96,41,5,5.99,clear sky
294,Xudat,AZ,41.631,48.681,41.07,79,72,2.93,broken clouds
295,Sistranda,NO,63.7256,8.834,34.9,90,100,21.61,overcast clouds
296,Harper,LR,4.375,-7.7169,77.18,85,16,2.17,light rain
297,Batagay,RU,67.6333,134.6333,-28.53,98,63,0.87,broken clouds
298,Kavieng,PG,-2.5744,150.7967,83.73,71,64,6.93,broken clouds
299,Senneterre,CA,48.3835,-77.2328,-16.38,98,42,3.0,scattered clouds
300,Fortuna,US,40.5982,-124.1573,46.18,91,0,0.0,clear sky
301,Aswan,EG,24.0934,32.907,52.3,39,0,9.06,clear sky
302,Grand Forks,US,47.9417,-97.4337,-3.21,77,100,17.27,overcast clouds
303,Dolores,AR,-36.3132,-57.6792,63.46,94,1,4.76,clear sky
304,Luwuk,ID,-0.9516,122.7875,88.97,58,99,1.99,overcast clouds
305,Caxito,AO,-8.5785,13.6643,72.41,86,100,3.65,overcast clouds
306,Broken Hill,AU,-31.95,141.4333,73.11,28,0,17.27,clear sky
307,Navalmoral De La Mata,ES,39.8916,-5.5406,50.95,71,95,3.71,overcast clouds
308,New Plymouth,NZ,-39.0667,174.0833,78.57,73,30,9.66,scattered clouds
309,Conde,BR,-7.2597,-34.9075,78.26,83,20,5.75,few clouds
310,Akhty,RU,41.4597,47.7312,39.36,31,57,5.61,broken clouds
311,Mayo,US,38.8876,-76.5119,60.78,94,100,4.0,overcast clouds
312,Bac Lieu,VN,9.285,105.7244,86.16,58,17,24.79,few clouds
313,Port-Gentil,GA,-0.7193,8.7815,79.54,79,100,6.35,overcast clouds
314,Neiafu,TO,-18.65,-173.9833,81.28,89,75,4.61,light intensity shower rain
315,Yulara,AU,-25.2406,130.9889,80.44,26,88,14.97,overcast clouds
316,Gigmoto,PH,13.7796,124.39,78.17,90,100,10.45,heavy intensity rain
317,Lufilufi,WS,-13.8745,-171.5986,83.98,73,100,8.99,light rain
318,Burns Lake,CA,54.2331,-125.7533,18.82,98,100,4.68,overcast clouds
319,Leh,IN,34.1667,77.5833,8.89,94,100,1.43,overcast clouds
320,Bambous Virieux,MU,-20.3428,57.7575,81.21,94,75,20.71,light rain
321,Namibe,AO,-15.1961,12.1522,70.29,78,14,4.85,few clouds
322,Mar Del Plata,AR,-38.0023,-57.5575,69.1,94,95,0.0,fog
323,Mahebourg,MU,-20.4081,57.7,81.25,94,75,20.71,broken clouds
324,Xai-Xai,MZ,-25.0519,33.6442,75.72,85,0,3.44,clear sky
325,Cabedelo,BR,-6.9811,-34.8339,79.47,76,99,12.64,overcast clouds
326,Pozo Colorado,PY,-23.4923,-58.7972,81.88,66,57,7.76,moderate rain
327,Aitape,PG,-3.1374,142.3475,85.24,65,44,7.23,scattered clouds
328,Chuy,UY,-33.6971,-53.4616,70.92,95,100,6.29,light rain
329,Viedma,AR,-40.8135,-62.9967,69.33,55,31,6.91,scattered clouds
330,Iesolo,IT,45.5331,12.6448,42.1,92,85,11.03,overcast clouds
331,Aksu,CN,41.1231,80.2644,29.26,44,100,3.15,overcast clouds
332,Dongying,CN,37.4564,118.4856,32.52,25,12,12.37,few clouds
333,Berdigestyakh,RU,62.0989,126.6992,-14.37,94,100,6.11,overcast clouds
334,Manzhouli,CN,49.6,117.4333,-3.68,78,10,8.23,clear sky
335,Turukhansk,RU,65.8167,87.9833,7.43,95,99,12.24,light snow
336,Paamiut,GL,61.994,-49.6678,22.66,72,100,35.05,overcast clouds
337,Zaranj,AF,30.9667,61.8833,30.16,36,0,3.71,clear sky
338,Hualmay,PE,-11.0964,-77.6139,70.32,83,86,8.23,overcast clouds
339,Balkhash,KZ,46.844,74.9804,3.81,72,0,15.66,clear sky
340,Cururupu,BR,-1.8283,-44.8683,75.0,92,96,3.58,overcast clouds
341,Port Said,EG,31.2565,32.2841,53.58,65,55,24.11,broken clouds
342,Abnub,EG,27.2696,31.1511,50.16,54,3,13.09,clear sky
343,Suez,EG,29.9737,32.5263,51.31,56,35,18.39,scattered clouds
344,Sinnamary,GF,5.3833,-52.95,76.26,90,99,10.38,heavy intensity rain
345,Verkhnyaya Inta,RU,65.9811,60.3094,14.22,96,100,5.5,overcast clouds
346,Oum Hadjer,TD,13.2954,19.6966,59.95,20,5,12.28,clear sky
347,Great Yarmouth,GB,52.6083,1.7305,48.22,79,100,21.9,overcast clouds
348,Noshiro,JP,40.2039,140.0242,31.14,65,100,19.19,light snow
349,Beisfjord,NO,68.3751,17.5988,23.05,84,100,13.91,overcast clouds
350,Namtsy,RU,62.7161,129.6658,-18.29,90,99,6.15,overcast clouds
351,Kalmar,SE,56.6616,16.3616,38.97,99,100,4.61,overcast clouds
352,Uyuni,BO,-20.4597,-66.825,50.45,47,19,10.96,few clouds
353,Ust-Nera,RU,64.5667,143.2,-8.57,96,93,3.96,overcast clouds
354,Mchinji,MW,-13.7984,32.8802,63.61,95,100,2.39,overcast clouds
355,Holovyne,UA,50.4712,28.8253,10.98,99,66,5.39,broken clouds
356,Hokitika,NZ,-42.7167,170.9667,63.68,98,100,9.06,moderate rain
357,Gizo,SB,-8.103,156.8419,82.33,75,100,9.15,overcast clouds
358,Burnie,AU,-41.0667,145.9167,65.95,56,2,9.89,clear sky
359,Kropotkin,RU,45.4375,40.5756,37.49,99,100,7.2,overcast clouds
360,Asosa,ET,10.0667,34.5333,66.9,27,39,6.42,scattered clouds
361,Teguise,ES,29.0605,-13.564,64.62,68,0,5.75,clear sky
362,Mbanza-Ngungu,CD,-5.25,14.8667,65.46,98,100,3.2,light rain
363,Ryotsu,JP,38.0833,138.4333,35.56,69,100,5.73,overcast clouds
364,Onega,RU,63.9061,38.1404,-3.42,100,98,1.43,overcast clouds
365,Bokoro,TD,12.3807,17.0568,60.96,19,25,11.23,scattered clouds
366,Lazaro Cardenas,MX,17.9583,-102.2,70.99,78,0,4.45,clear sky
367,Tudela,ES,42.0617,-1.6045,42.67,77,93,5.93,overcast clouds
368,Huarmey,PE,-10.0681,-78.1522,71.29,82,24,7.81,few clouds
369,Blagoveshchensk,RU,50.2667,127.5333,3.81,47,0,11.18,clear sky
370,Balod,IN,20.73,81.2047,73.67,58,1,12.91,clear sky
371,Shaunavon,CA,49.6501,-108.4181,-2.42,99,100,5.21,overcast clouds
372,Port Maria,JM,18.3685,-76.8895,78.76,96,17,8.72,few clouds
373,Stephenville,US,32.2207,-98.2023,18.25,82,75,0.0,broken clouds
374,Gannan,CN,47.9147,123.5031,7.23,65,0,10.54,clear sky
375,Rincon,US,32.296,-81.2354,68.45,89,0,1.01,clear sky
376,Tarko-Sale,RU,64.9225,77.785,12.94,96,100,8.34,overcast clouds
377,Moranbah,AU,-22.0016,148.0466,86.2,51,100,18.37,overcast clouds
378,Kibala,TD,9.1104,18.3463,67.95,24,0,0.0,clear sky
379,Limbang,MY,4.75,115.0,87.91,57,98,5.26,overcast clouds
380,Karratha,AU,-20.7377,116.8463,93.97,41,61,11.41,broken clouds
381,Pangody,RU,65.85,74.4859,6.42,97,95,6.33,overcast clouds
382,Ekhabi,RU,53.5102,142.9671,4.39,94,100,21.99,light snow
383,Verkh-Chebula,RU,56.0308,87.6218,13.68,92,91,7.23,overcast clouds
384,Longonjo,AO,-12.9067,15.2533,59.23,88,100,1.39,overcast clouds
385,Lerwick,GB,60.1545,-1.1494,37.4,65,83,34.2,broken clouds
386,Okhotsk,RU,59.3833,143.3,10.81,74,83,14.92,broken clouds
387,Saldanha,ZA,-33.0117,17.9442,57.25,79,0,19.28,clear sky
388,Altamont,US,42.2068,-121.7372,33.89,65,0,5.75,clear sky
389,Zaidpur,IN,26.8333,81.3333,57.27,86,58,8.86,broken clouds
390,Kenai,US,60.5544,-151.2583,25.14,93,100,18.41,light snow
391,Dandong,CN,40.1292,124.3947,19.27,39,1,13.02,clear sky
392,Matara,LK,5.9485,80.5353,81.55,65,5,4.43,clear sky
393,Hasaki,JP,35.7333,140.8333,48.29,58,100,6.87,overcast clouds
394,Muros,ES,42.7762,-9.0603,53.24,94,100,5.12,overcast clouds
395,Aklavik,CA,68.2191,-135.0107,-24.88,98,17,7.34,few clouds
396,Masuguru,TZ,-11.3667,38.4167,72.81,97,100,2.46,overcast clouds
397,Skelleftea,SE,64.7507,20.9528,5.36,92,100,5.75,light snow
398,La Reforma,MX,25.0833,-108.05,61.75,52,0,12.01,clear sky
399,Chapais,CA,49.7834,-74.8492,-27.62,100,40,2.48,scattered clouds
400,Waconia,US,44.8508,-93.7869,0.7,73,82,4.56,broken clouds
401,Sheridan,US,44.8333,-106.9173,23.18,64,100,1.99,overcast clouds
402,Asau,RO,46.4333,26.4,20.32,90,26,6.11,scattered clouds
403,Jiwani,PK,25.05,61.7417,69.82,41,0,5.12,clear sky
404,Tabuk,PH,17.4189,121.4443,79.36,72,68,5.14,broken clouds
405,Trincomalee,LK,8.5711,81.2335,77.41,69,3,4.38,clear sky
406,Zhigansk,RU,66.7697,123.3711,-25.37,96,89,3.62,overcast clouds
407,Bambanglipuro,ID,-7.95,110.2833,77.61,69,98,2.21,overcast clouds
408,Kichera,RU,55.9375,110.0997,0.21,96,100,3.71,overcast clouds
409,Asfi,MA,32.2994,-9.2372,63.55,46,100,11.3,overcast clouds
410,Aasiaat,GL,68.7098,-52.8699,12.09,78,100,23.64,overcast clouds
411,Hovd,MN,48.0056,91.6419,-2.54,76,20,1.59,few clouds
412,Elizabeth City,US,36.2946,-76.2511,64.45,79,0,12.66,clear sky
413,Saint-Augustin,CA,51.226,-58.6502,5.31,74,100,13.98,overcast clouds
414,Vardo,NO,70.3705,31.1107,14.2,64,100,14.14,light snow
415,Moctezuma,MX,29.8,-109.6667,47.82,18,0,2.91,clear sky
416,Beidao,CN,34.5686,105.8933,28.99,74,95,2.46,overcast clouds
417,Santa Cruz,BO,-17.8,-63.1667,74.66,94,40,6.91,scattered clouds
418,Avera,US,33.194,-82.5271,69.71,78,100,15.39,overcast clouds
419,Kasongo-Lunda,CD,-6.4667,16.8167,68.94,98,100,1.83,overcast clouds
420,Darhan,MN,49.4867,105.9228,0.79,85,25,4.05,scattered clouds
421,Elblag,PL,54.1522,19.4088,39.18,99,100,7.54,light rain
422,Fort Saint James,CA,54.4333,-124.25,19.74,98,100,2.15,overcast clouds
423,Albanel,CA,48.8832,-72.4487,-0.92,60,100,5.75,overcast clouds
424,Saiha,IN,22.4833,92.9667,75.29,30,0,1.5,clear sky
425,Morondava,MG,-20.2833,44.2833,79.23,85,33,3.85,scattered clouds
426,Nantucket,US,41.2835,-70.0995,51.26,94,100,14.97,overcast clouds
427,Guerrero Negro,MX,27.9769,-114.0611,58.03,29,0,14.18,clear sky
428,Srednekolymsk,RU,67.45,153.6833,-30.14,100,37,1.86,scattered clouds
429,Bay City,US,43.5945,-83.8889,12.52,67,0,7.0,clear sky
430,Vila Velha,BR,-20.3297,-40.2925,75.15,95,40,6.91,scattered clouds
431,Sao Felix Do Xingu,BR,-6.6447,-51.995,70.16,96,3,0.89,clear sky
432,Salinopolis,BR,-0.6136,-47.3561,78.6,83,100,9.93,overcast clouds
433,Linxia,CN,35.6003,103.2064,22.05,66,85,2.48,overcast clouds
434,Mocuba,MZ,-16.8392,36.9856,71.78,93,75,2.48,broken clouds
435,Roald,NO,62.5833,6.1333,39.11,87,100,25.32,overcast clouds
436,Zuwarah,LY,32.9312,12.082,51.76,75,0,8.14,clear sky
437,Portland,US,45.5234,-122.6762,45.48,93,20,1.01,few clouds
438,Warwick,US,41.7001,-71.4162,51.21,98,100,0.0,fog
439,Ust-Kuyga,RU,70.0167,135.6,-34.15,100,100,4.74,overcast clouds
440,Teya,RU,60.3778,92.6267,14.11,92,100,6.58,overcast clouds
441,Novaya Igirma,RU,57.1334,103.9112,6.71,91,100,6.15,overcast clouds
442,Praia Da Vitoria,PT,38.7333,-27.0667,57.45,82,20,12.12,few clouds
443,Sandwick,GB,60.0,-1.25,37.22,81,40,31.07,scattered clouds
444,Mount Isa,AU,-20.7333,139.5,85.77,32,100,12.66,overcast clouds
445,Ulladulla,AU,-35.35,150.4667,74.3,64,87,13.33,overcast clouds
446,Buckeye,US,33.3703,-112.5838,52.11,25,0,1.77,clear sky
447,Yakeshi,CN,49.2833,120.7333,-10.93,91,77,6.69,broken clouds
448,Moron,AR,-34.6534,-58.6198,73.15,91,1,5.06,clear sky
449,North Bend,US,43.4065,-124.2243,44.92,99,0,6.91,clear sky
450,Neuruppin,DE,52.9282,12.8031,44.96,93,100,8.63,overcast clouds
451,Douglas,US,41.3,-96.167,11.5,51,0,0.0,clear sky
452,Pochutla,MX,15.7432,-96.4661,74.82,73,0,3.6,clear sky
453,Unecha,RU,52.8459,32.6739,8.17,98,87,8.21,light snow
454,Mamakan,RU,57.8161,114.0028,4.98,92,100,0.6,overcast clouds
455,Shirvan,AZ,39.9509,48.8994,42.85,48,5,5.55,clear sky
456,Alofi,NU,-19.0595,-169.9187,75.09,94,100,5.75,light intensity shower rain
457,Sao Joao Da Barra,BR,-21.6403,-41.0511,73.27,98,98,5.57,overcast clouds
458,Karwar,IN,14.8,74.1333,76.23,69,31,2.44,scattered clouds
459,Baruun-Urt,MN,46.6806,113.2792,1.44,74,5,7.67,clear sky
460,Milos,GR,36.75,24.4333,50.54,56,57,35.23,broken clouds
461,Leningradskiy,RU,69.3833,178.4167,-10.32,83,3,7.58,clear sky
462,Tygda,RU,53.1167,126.3333,3.63,57,58,9.42,broken clouds
463,Jacareacanga,BR,-6.2222,-57.7528,73.62,92,100,0.65,overcast clouds
464,Quatre Cocos,MU,-20.2078,57.7625,81.09,87,99,19.66,light rain
465,Talcahuano,CL,-36.7167,-73.1167,62.28,82,0,8.05,clear sky
466,Kavaratti,IN,10.5669,72.642,79.18,65,5,9.08,clear sky
467,Skibbereen,IE,51.55,-9.2667,41.11,74,77,15.26,broken clouds
468,Kushiro,JP,42.975,144.3747,29.35,50,20,3.44,few clouds
469,Svatove,UA,49.4103,38.1503,27.16,97,100,6.55,overcast clouds
470,Chitral,PK,35.8462,71.7858,25.84,51,0,12.48,clear sky
471,Gwadar,PK,25.1216,62.3254,68.97,37,0,7.14,clear sky
472,Havre-Saint-Pierre,CA,50.2334,-63.5986,10.99,61,100,13.8,overcast clouds
473,Beloha,MG,-25.1667,45.05,75.33,80,5,11.52,clear sky
474,Taywarah,AF,33.35,64.4167,17.82,38,6,3.47,clear sky
475,Vikhorevka,RU,56.1201,101.1636,1.24,91,100,3.87,overcast clouds
476,Kefamenanu,ID,-9.4467,124.4781,83.95,65,58,8.1,broken clouds
477,Tres Picos,MX,15.8667,-93.5333,72.91,78,1,3.51,clear sky
478,Sangolqui,EC,-0.3341,-78.4522,56.34,91,95,2.95,overcast clouds
479,Filingue,NE,14.3521,3.3168,60.64,17,0,12.97,clear sky
480,Camana,PE,-16.6228,-72.7111,71.13,82,89,7.07,light rain
481,Souillac,MU,-20.5167,57.5167,81.36,94,75,20.71,light rain
482,Namatanai,PG,-3.6667,152.4333,84.43,69,76,10.2,broken clouds
483,Merauke,ID,-8.4667,140.3333,85.06,71,100,11.23,overcast clouds
484,Soto La Marina,MX,23.7667,-98.2167,48.78,57,99,12.66,overcast clouds
485,Poltavka,RU,54.3663,71.7632,15.33,83,100,9.73,overcast clouds
486,Sumbe,AO,-11.2061,13.8437,73.18,83,92,4.72,overcast clouds
487,Salalah,OM,17.0151,54.0924,72.77,33,4,7.78,clear sky
488,Bonavista,CA,48.6499,-53.1147,39.11,92,100,25.21,light rain
489,Qinnan,CN,33.2531,119.9133,45.57,37,25,6.82,scattered clouds
490,Newton,US,42.337,-71.2092,48.54,96,100,3.0,light intensity drizzle
491,Fort Nelson,CA,58.8053,-122.7002,-11.61,77,100,3.44,light snow
492,Unai,BR,-16.3575,-46.9061,70.5,90,18,1.34,few clouds
493,Kaohsiung,TW,22.6163,120.3133,73.35,72,75,4.0,broken clouds
494,Galle,LK,6.0367,80.217,80.06,69,2,2.35,clear sky
495,Finschhafen,PG,-6.6024,147.8681,86.61,68,98,6.8,overcast clouds
496,Maceio,BR,-9.6658,-35.7353,76.44,88,20,2.3,few clouds
497,Paka,MY,4.6374,103.4368,82.33,83,40,3.44,scattered clouds
498,Leesburg,US,39.1157,-77.5636,59.0,100,100,8.05,mist
499,Yanji,CN,42.9075,129.5078,15.66,52,60,14.72,broken clouds
500,Hamilton,US,39.1834,-84.5333,24.64,91,100,4.0,mist
501,Kununurra,AU,-15.7667,128.7333,89.58,70,40,9.22,scattered clouds
502,Gimli,CA,50.6336,-96.9907,-3.87,71,100,14.97,overcast clouds
503,Kashan,IR,33.9831,51.4364,47.8,36,18,4.03,few clouds
504,Santa Fe,AR,-31.6333,-60.7,75.02,90,0,1.99,clear sky
505,Manjacaze,MZ,-24.7117,33.8828,73.45,89,0,2.73,clear sky
506,Baculin,PH,7.4525,126.5842,74.34,96,100,1.16,moderate rain
507,Chegdomyn,RU,51.1167,133.0167,-4.07,87,90,2.51,overcast clouds
508,Ordynskoye,RU,54.3656,81.8994,6.78,98,94,7.4,overcast clouds
509,Astara,AZ,38.5,48.6667,46.38,51,0,10.11,clear sky
510,Monticello,US,45.3055,-93.7941,1.04,71,100,0.0,overcast clouds
511,Dicabisagan,PH,17.0818,122.4157,78.6,75,92,6.4,overcast clouds
512,Coruripe,BR,-10.1256,-36.1756,77.54,75,63,8.86,broken clouds
513,Prainha,BR,-1.8,-53.48,72.43,99,98,4.41,overcast clouds
514,Haines Junction,CA,60.7522,-137.5108,-2.25,78,100,1.14,overcast clouds
515,Shetpe,KZ,44.1667,52.1167,39.31,60,100,12.28,overcast clouds
516,Key West,US,24.5557,-81.7826,75.0,88,75,16.11,broken clouds
517,Mairana,BO,-18.1167,-63.9333,58.93,96,84,2.75,broken clouds
518,Umm Lajj,SA,25.0213,37.2685,66.76,46,0,18.48,clear sky
519,Juneau,US,58.3019,-134.4197,28.45,88,100,0.0,mist
520,Hobyo,SO,5.3505,48.5268,75.36,73,65,16.33,broken clouds
521,Flinders,AU,-34.5833,150.8552,76.37,58,77,17.27,broken clouds
522,Merta,IN,26.65,74.0333,58.95,40,0,3.78,clear sky
523,Maragogi,BR,-9.0122,-35.2225,78.12,75,99,7.85,overcast clouds
524,Touros,BR,-5.1989,-35.4608,79.7,75,50,12.93,scattered clouds
525,Falam,MM,22.9167,93.6833,60.13,45,0,4.47,clear sky
526,Puerto Escondido,MX,15.85,-97.0667,76.03,73,0,5.75,clear sky
527,Tucurui,BR,-3.7661,-49.6725,73.42,97,100,3.31,moderate rain
528,Tura,IN,25.5198,90.2201,57.22,89,100,1.1,light rain
529,La Ronge,CA,55.1001,-105.2842,-14.55,70,0,8.05,clear sky
530,Koslan,RU,63.4564,48.8989,2.32,99,92,2.62,overcast clouds
531,Thunder Bay,CA,48.4001,-89.3168,-1.44,69,75,3.44,broken clouds
532,Vanimo,PG,-2.6741,141.3028,85.46,65,55,5.08,broken clouds
533,Rjukan,NO,59.8789,8.5941,37.04,98,100,8.7,light snow
534,Murovane,UA,49.5214,22.9367,28.58,76,100,10.63,overcast clouds
535,Batesville,US,35.7698,-91.641,25.21,75,100,8.01,overcast clouds
536,Perigueux,FR,45.1833,0.7167,45.09,96,100,3.51,overcast clouds
537,Greymouth,NZ,-42.4667,171.2,63.93,99,100,8.99,moderate rain
538,Santiago Del Estero,AR,-27.7951,-64.2615,78.22,70,44,7.45,scattered clouds
539,Letlhakane,BW,-21.4167,25.5833,68.97,79,77,8.37,broken clouds
540,Poronaysk,RU,49.2167,143.1167,18.12,72,100,7.58,overcast clouds
541,Morro Bay,US,35.3658,-120.8499,54.05,73,53,2.39,broken clouds
542,Buin,CL,-33.7333,-70.75,70.74,77,0,2.26,clear sky
543,Waddan,LY,29.1614,16.139,45.7,82,0,5.32,clear sky
544,Salta,AR,-24.7859,-65.4117,71.89,77,75,1.99,broken clouds
545,Bystryy Istok,RU,52.371,84.3873,1.13,96,88,2.64,overcast clouds
546,Ovsyanka,RU,55.9575,92.5519,2.37,89,99,5.93,overcast clouds
547,Iquitos,PE,-3.7481,-73.2472,75.24,100,75,4.61,broken clouds
548,Dong Xoai,VN,11.5333,106.9167,92.52,42,32,1.28,scattered clouds
549,Kodinsk,RU,58.6881,99.1844,12.0,94,100,5.55,light snow
550,Nova Londrina,BR,-22.7658,-52.985,72.84,93,100,9.06,moderate rain
551,Launceston,AU,-41.45,147.1667,77.61,22,2,4.0,clear sky
552,Coihaique,CL,-45.5752,-72.0662,56.01,76,20,3.44,few clouds
553,Puerto Madryn,AR,-42.7692,-65.0385,71.78,53,100,16.8,overcast clouds
554,Meulaboh,ID,4.1363,96.1285,84.0,65,87,3.04,overcast clouds
555,Roseburg,US,43.2165,-123.3417,44.71,83,0,3.44,clear sky
556,Feijo,BR,-8.1642,-70.3536,71.91,99,90,2.59,overcast clouds
557,Bilma,NE,18.6853,12.9164,50.23,34,0,11.36,clear sky
558,Goderich,CA,43.7501,-81.7165,14.92,73,100,10.36,overcast clouds
559,Porbandar,IN,21.6422,69.6093,60.78,82,6,4.61,haze
560,Nyrob,RU,60.733,56.7202,-2.31,100,100,2.84,overcast clouds
561,Naryan-Mar,RU,67.6713,53.087,2.39,98,100,3.22,overcast clouds
562,Parsabad,IR,39.6482,47.9174,41.32,60,0,9.22,clear sky
563,Naron,ES,43.5167,-8.1528,54.68,91,100,6.22,overcast clouds
564,Ames,US,42.0347,-93.6199,3.11,77,0,6.91,clear sky
565,Batemans Bay,AU,-35.7167,150.1833,73.2,55,59,12.37,broken clouds
566,Guiratinga,BR,-16.3494,-53.7583,70.65,92,84,2.48,broken clouds
567,Dakar,SN,14.6937,-17.4441,70.68,83,0,2.3,clear sky
568,Oistins,BB,13.0667,-59.5333,75.29,73,20,11.5,few clouds
569,Amuntai,ID,-2.4177,115.2494,82.27,80,100,2.66,overcast clouds
570,Sulangan,PH,11.1373,123.7228,77.74,82,96,15.88,overcast clouds
571,Campbellsville,US,37.3434,-85.3419,34.36,94,100,12.8,light snow
572,Buta,CD,2.7858,24.73,72.32,59,98,1.19,overcast clouds
573,Borovichi,RU,58.3878,33.9155,-5.37,100,100,0.56,overcast clouds
574,Inhambane,MZ,-23.865,35.3833,75.18,100,40,0.0,scattered clouds
575,Dingle,PH,10.9995,122.6711,80.22,81,85,14.56,overcast clouds
576,Novouzensk,RU,50.4592,48.1431,25.81,97,100,5.99,overcast clouds
577,Monte Azul,BR,-15.155,-42.8747,70.3,87,64,3.31,broken clouds
578,Madimba,TZ,-10.4,40.3333,77.45,89,91,7.7,light rain
579,Neuquen,AR,-38.9516,-68.0591,71.49,56,0,11.5,clear sky
580,Kloulklubed,PW,7.0419,134.2556,82.83,72,24,18.79,few clouds
581,Santa Rosalia,MX,27.3167,-112.2833,52.14,50,0,7.9,clear sky
582,Sola,VU,-13.8833,167.55,84.87,84,100,5.75,overcast clouds
583,Gushikawa,JP,26.3544,127.8686,63.63,93,100,13.8,overcast clouds
584,Gorontalo,ID,0.5412,123.0595,84.56,70,100,5.95,overcast clouds
585,Aketi,CD,2.7388,23.7833,68.34,77,93,2.1,overcast clouds
586,Mayor Pablo Lagerenza,PY,-19.9309,-60.7718,82.94,58,0,12.06,clear sky
587,Erenhot,CN,43.6475,111.9767,6.66,69,11,7.65,few clouds
588,Roswell,US,34.0232,-84.3616,64.18,96,100,3.0,moderate rain
589,Sakakah,SA,29.9697,40.2064,51.37,52,0,10.29,clear sky
590,Bozoum,CF,6.3193,16.3799,66.45,20,44,4.85,scattered clouds
591,Amurzet,RU,47.6967,131.0981,5.47,71,22,13.09,few clouds
592,Marsh Harbour,BS,26.5412,-77.0636,73.65,60,23,16.46,few clouds
593,Llanelli,GB,51.682,-4.1619,50.59,92,100,19.19,light rain
594,Kanniyakumari,IN,8.0833,77.5667,79.65,71,6,1.61,clear sky
595,Praya,CV,14.9215,-23.5087,70.34,83,0,12.66,clear sky
596,Kindu,CD,-2.95,25.95,66.85,100,100,1.9,overcast clouds
597,Seryshevo,RU,51.0933,128.3786,-0.17,76,11,8.86,few clouds
598,Hirara,JP,24.8,125.2833,66.06,94,75,19.57,mist
599,Vestmanna,FO,62.1564,-7.1664,34.72,60,100,41.43,light snow
600,Uva,RU,56.9908,52.1852,23.47,93,100,6.46,light snow
601,Kaura Namoda,NG,12.5898,6.5779,59.52,19,0,16.4,clear sky
602,Manakara,MG,-22.1333,48.0167,76.86,89,79,11.34,light rain
603,Steamboat Springs,US,40.485,-106.8317,8.1,65,40,0.0,scattered clouds
604,Biltine,TD,14.5333,20.9167,61.66,16,3,13.71,clear sky
605,Hay River,CA,60.8156,-115.7999,-25.64,75,20,5.75,few clouds
606,Ortakoy,TR,38.7373,34.0387,30.45,98,100,4.12,light snow
607,College,US,64.8569,-147.8028,2.86,54,40,9.22,scattered clouds
608,Naranjito,EC,-2.2167,-79.4833,78.48,90,99,3.85,light rain
609,Lata,PT,40.1629,-8.3327,48.07,97,98,1.1,overcast clouds
610,Pafos,CY,34.7667,32.4167,49.78,87,75,4.61,broken clouds
611,Luganville,VU,-15.5333,167.1667,77.0,94,100,3.67,light rain
612,Itanhaem,BR,-24.1831,-46.7889,78.98,93,100,4.34,overcast clouds
613,Fomboni,KM,-12.28,43.7425,82.17,77,100,17.6,moderate rain
614,Naze,JP,28.3667,129.4833,54.52,70,98,16.46,overcast clouds
615,Katangli,RU,51.7102,143.2326,7.47,93,100,17.76,light snow
616,Tazovskiy,RU,67.4667,78.7,-1.19,99,99,6.04,overcast clouds
617,Kilindoni,TZ,-7.9139,39.6668,80.55,81,100,9.78,overcast clouds
618,Barstow,US,34.8986,-117.0228,46.63,26,14,3.98,few clouds
619,Mitu,CO,1.1983,-70.1733,70.93,99,69,0.54,broken clouds
620,Yeppoon,AU,-23.1333,150.7333,85.78,79,100,15.55,overcast clouds
621,Vallenar,CL,-28.5708,-70.7581,64.89,64,0,1.39,clear sky
622,Zonguldak,TR,41.25,31.8333,29.25,98,100,3.71,light snow
623,Kirakira,SB,-10.4544,161.9205,80.64,83,100,10.16,light rain
624,Arlit,NE,18.7369,7.3853,53.71,20,3,6.44,clear sky
625,San Jose,US,37.3394,-121.895,55.31,52,40,6.91,scattered clouds
626,Tomatlan,MX,19.9333,-105.25,63.91,82,74,2.93,broken clouds
627,Tigil,RU,57.8,158.6667,13.86,92,73,2.13,broken clouds
628,Bam,IR,29.106,58.357,52.61,23,0,0.58,clear sky
629,Saint Anthony,US,45.0205,-93.218,1.02,65,0,0.0,clear sky
630,Marquette,US,46.5333,-87.6335,6.33,72,95,2.95,overcast clouds
631,Adet,ET,11.2644,37.4888,59.67,63,100,2.1,overcast clouds
632,Sept-Iles,CA,50.2001,-66.3821,3.72,59,75,4.0,broken clouds
633,Kyra,RU,49.5776,111.9753,5.92,69,4,4.7,clear sky
634,Fare,PF,-16.7,-151.0167,81.03,74,1,14.9,clear sky
635,Chara,RU,56.9064,118.2631,-12.37,93,68,1.59,broken clouds
636,Birin,NP,26.8865,88.0718,41.0,85,100,6.24,overcast clouds
637,Mareeba,AU,-17.0,145.4333,84.92,92,100,4.07,overcast clouds
638,Banyo,CM,6.75,11.8167,62.92,29,86,3.49,overcast clouds
639,Misratah,LY,32.3754,15.0925,55.89,65,0,8.59,clear sky
640,Gbadolite,CD,4.2833,21.0167,71.49,38,100,2.77,overcast clouds
641,Safford,US,32.834,-109.7076,39.11,28,0,3.78,clear sky
642,Veraval,IN,20.9,70.3667,67.89,37,10,3.62,clear sky
643,Bassar,TG,9.25,0.7833,74.26,18,2,4.0,clear sky
644,Sanming,CN,26.2486,117.6186,45.57,90,100,3.33,overcast clouds
645,Tual,ID,-5.6667,132.75,83.8,73,88,15.28,overcast clouds
646,Sayyan,YE,15.1718,44.3244,49.62,31,1,1.5,clear sky
647,Goba,ET,7.0167,39.9833,46.94,44,49,4.16,scattered clouds
648,Tiznit,MA,29.5833,-9.5,61.18,26,82,7.87,broken clouds
649,Filadelfia,US,39.9523,-75.1638,54.99,91,100,4.0,overcast clouds
650,Kieta,PG,-6.2167,155.6333,81.41,79,100,7.4,overcast clouds
651,Porto Novo,BJ,6.4965,2.6036,75.79,88,0,2.21,clear sky
652,Noumea,NC,-22.2763,166.4572,91.38,93,97,8.5,overcast clouds
653,Ruteng,ID,-8.6136,120.4721,73.67,70,45,6.11,scattered clouds
654,Saint-Esteve,FR,42.7131,2.843,53.42,76,0,11.5,clear sky
655,Kariba,ZW,-16.5167,28.8,69.39,90,84,3.0,light rain
656,Tutoia,BR,-2.7619,-42.2744,78.4,88,94,11.34,overcast clouds
657,San Vicente,AR,-26.6167,-54.1333,68.4,100,100,2.06,light rain
658,Camargo,MX,27.6667,-105.1667,41.25,58,0,16.11,clear sky
659,Ridgecrest,US,35.6225,-117.6709,44.42,26,20,3.44,few clouds
660,Moroni,KM,-11.7022,43.2551,80.58,82,100,10.04,overcast clouds
661,Miles City,US,46.4083,-105.8406,20.37,68,100,13.8,overcast clouds
662,Karangasem,ID,-8.45,115.6167,79.68,61,91,5.7,overcast clouds
663,San Julian,MX,21.0167,-102.1667,57.51,32,100,8.03,overcast clouds
664,Tokat,TR,40.4167,36.5833,26.73,98,100,3.4,light snow
665,Tambacounda,SN,13.7539,-13.7586,73.45,20,0,6.91,clear sky
666,Bolu,TR,40.6667,31.5833,27.41,96,100,6.6,light snow
667,Mount Gambier,AU,-37.8333,140.7667,73.31,38,75,6.91,broken clouds
668,Novaya Bryan,RU,51.7159,108.2691,-12.23,85,100,2.8,overcast clouds
669,Hailar,CN,49.2,119.7,-6.47,83,20,5.53,few clouds
670,Fayaoue,NC,-20.65,166.5333,80.47,84,100,10.07,moderate rain
671,Killybegs,IE,54.6333,-8.45,35.46,74,100,21.63,overcast clouds
672,Tamworth,GB,52.634,-1.6959,49.64,91,100,5.01,moderate rain
673,Pacific Grove,US,36.6177,-121.9166,55.08,84,0,1.01,clear sky
674,Sosua,DO,19.7667,-70.5167,69.78,100,75,0.0,broken clouds
675,Chatham,GB,51.3789,0.5279,50.47,84,94,8.01,overcast clouds
676,Dawson Creek,CA,55.7666,-120.2362,-2.56,78,100,6.91,overcast clouds
677,Zhoucheng,CN,35.9122,116.3117,40.44,30,19,14.05,few clouds
678,Skjervoy,NO,70.0311,20.9714,19.06,74,72,35.3,broken clouds
679,Bitung,ID,1.4451,125.1824,79.65,77,100,9.71,overcast clouds
680,Strezhevoy,RU,60.7333,77.5889,21.18,95,100,15.17,snow
681,Marzuq,YE,14.4,46.4667,61.02,27,10,2.33,clear sky
682,Itoman,JP,26.1247,127.6694,64.42,88,75,20.71,broken clouds
683,San Cristobal,VE,7.7669,-72.225,73.58,67,84,0.69,broken clouds
684,Derzhavinsk,KZ,51.1,66.3167,6.19,80,75,7.07,broken clouds
685,Akhaldaba,GE,41.654,42.1516,41.56,74,100,3.15,overcast clouds
686,Sechura,PE,-5.5569,-80.8222,71.42,80,76,11.3,broken clouds
687,Ladario,BR,-19.0047,-57.6017,75.15,87,94,1.66,overcast clouds
688,Westport,US,41.1415,-73.3579,50.77,97,100,1.01,light rain
